<annotation>
	<folder>frames</folder>
	<filename>frame_03314.jpg</filename>
	<path>C:\Users\Madhukar Temba\Desktop\Output\frames\frame_03314.jpg</path>
	<source>
		<database>Unknown</database>
	</source>
	<size>
		<width>1280</width>
		<height>720</height>
		<depth>3</depth>
	</size>
	<segmented>0</segmented>
	<object>
		<name>red</name>
		<pose>Unspecified</pose>
		<truncated>0</truncated>
		<difficult>0</difficult>
		<bndbox>
			<xmin>610</xmin>
			<ymin>251</ymin>
			<xmax>661</xmax>
			<ymax>372</ymax>
		</bndbox>
	</object>
	<object>
		<name>red</name>
		<pose>Unspecified</pose>
		<truncated>0</truncated>
		<difficult>0</difficult>
		<bndbox>
			<xmin>767</xmin>
			<ymin>14</ymin>
			<xmax>865</xmax>
			<ymax>59</ymax>
		</bndbox>
	</object>
</annotation>