<annotation>
	<folder>frames</folder>
	<filename>frame_01633.jpg</filename>
	<path>C:\Users\Madhukar Temba\Desktop\Output\frames\frame_01633.jpg</path>
	<source>
		<database>Unknown</database>
	</source>
	<size>
		<width>1280</width>
		<height>720</height>
		<depth>3</depth>
	</size>
	<segmented>0</segmented>
	<object>
		<name>green</name>
		<pose>Unspecified</pose>
		<truncated>0</truncated>
		<difficult>0</difficult>
		<bndbox>
			<xmin>694</xmin>
			<ymin>27</ymin>
			<xmax>818</xmax>
			<ymax>69</ymax>
		</bndbox>
	</object>
	<object>
		<name>green</name>
		<pose>Unspecified</pose>
		<truncated>0</truncated>
		<difficult>0</difficult>
		<bndbox>
			<xmin>1150</xmin>
			<ymin>146</ymin>
			<xmax>1213</xmax>
			<ymax>279</ymax>
		</bndbox>
	</object>
</annotation>