<annotation>
	<folder>frames</folder>
	<filename>frame_04424.jpg</filename>
	<path>C:\Users\Madhukar Temba\Desktop\Output\frames\frame_04424.jpg</path>
	<source>
		<database>Unknown</database>
	</source>
	<size>
		<width>1280</width>
		<height>720</height>
		<depth>3</depth>
	</size>
	<segmented>0</segmented>
	<object>
		<name>red</name>
		<pose>Unspecified</pose>
		<truncated>0</truncated>
		<difficult>0</difficult>
		<bndbox>
			<xmin>420</xmin>
			<ymin>91</ymin>
			<xmax>526</xmax>
			<ymax>151</ymax>
		</bndbox>
	</object>
	<object>
		<name>red</name>
		<pose>Unspecified</pose>
		<truncated>0</truncated>
		<difficult>0</difficult>
		<bndbox>
			<xmin>710</xmin>
			<ymin>233</ymin>
			<xmax>771</xmax>
			<ymax>348</ymax>
		</bndbox>
	</object>
</annotation>