<annotation>
	<folder>frames</folder>
	<filename>frame_07543.jpg</filename>
	<path>C:\Users\Madhukar Temba\Desktop\Output\frames\frame_07543.jpg</path>
	<source>
		<database>Unknown</database>
	</source>
	<size>
		<width>1280</width>
		<height>720</height>
		<depth>3</depth>
	</size>
	<segmented>0</segmented>
	<object>
		<name>red</name>
		<pose>Unspecified</pose>
		<truncated>0</truncated>
		<difficult>0</difficult>
		<bndbox>
			<xmin>176</xmin>
			<ymin>238</ymin>
			<xmax>224</xmax>
			<ymax>357</ymax>
		</bndbox>
	</object>
</annotation>