<annotation>
	<folder>frames</folder>
	<filename>frame_01675.jpg</filename>
	<path>C:\Users\Madhukar Temba\Desktop\Output\frames\frame_01675.jpg</path>
	<source>
		<database>Unknown</database>
	</source>
	<size>
		<width>1280</width>
		<height>720</height>
		<depth>3</depth>
	</size>
	<segmented>0</segmented>
	<object>
		<name>red</name>
		<pose>Unspecified</pose>
		<truncated>0</truncated>
		<difficult>0</difficult>
		<bndbox>
			<xmin>761</xmin>
			<ymin>294</ymin>
			<xmax>800</xmax>
			<ymax>351</ymax>
		</bndbox>
	</object>
	<object>
		<name>red</name>
		<pose>Unspecified</pose>
		<truncated>0</truncated>
		<difficult>0</difficult>
		<bndbox>
			<xmin>648</xmin>
			<ymin>157</ymin>
			<xmax>696</xmax>
			<ymax>188</ymax>
		</bndbox>
	</object>
	<object>
		<name>red</name>
		<pose>Unspecified</pose>
		<truncated>0</truncated>
		<difficult>0</difficult>
		<bndbox>
			<xmin>734</xmin>
			<ymin>335</ymin>
			<xmax>754</xmax>
			<ymax>379</ymax>
		</bndbox>
	</object>
</annotation>