<annotation>
	<folder>frames</folder>
	<filename>frame_00400.jpg</filename>
	<path>C:\Users\Madhukar Temba\Desktop\Output\frames\frame_00400.jpg</path>
	<source>
		<database>Unknown</database>
	</source>
	<size>
		<width>1280</width>
		<height>720</height>
		<depth>3</depth>
	</size>
	<segmented>0</segmented>
	<object>
		<name>green</name>
		<pose>Unspecified</pose>
		<truncated>0</truncated>
		<difficult>0</difficult>
		<bndbox>
			<xmin>570</xmin>
			<ymin>210</ymin>
			<xmax>618</xmax>
			<ymax>238</ymax>
		</bndbox>
	</object>
	<object>
		<name>green</name>
		<pose>Unspecified</pose>
		<truncated>0</truncated>
		<difficult>0</difficult>
		<bndbox>
			<xmin>754</xmin>
			<ymin>296</ymin>
			<xmax>771</xmax>
			<ymax>350</ymax>
		</bndbox>
	</object>
</annotation>