<annotation>
	<folder>frames</folder>
	<filename>frame_03308.jpg</filename>
	<path>C:\Users\Madhukar Temba\Desktop\Output\frames\frame_03308.jpg</path>
	<source>
		<database>Unknown</database>
	</source>
	<size>
		<width>1280</width>
		<height>720</height>
		<depth>3</depth>
	</size>
	<segmented>0</segmented>
	<object>
		<name>red</name>
		<pose>Unspecified</pose>
		<truncated>0</truncated>
		<difficult>0</difficult>
		<bndbox>
			<xmin>745</xmin>
			<ymin>100</ymin>
			<xmax>827</xmax>
			<ymax>143</ymax>
		</bndbox>
	</object>
	<object>
		<name>red</name>
		<pose>Unspecified</pose>
		<truncated>0</truncated>
		<difficult>0</difficult>
		<bndbox>
			<xmin>637</xmin>
			<ymin>277</ymin>
			<xmax>676</xmax>
			<ymax>365</ymax>
		</bndbox>
	</object>
</annotation>