<annotation>
	<folder>frames</folder>
	<filename>frame_02912.jpg</filename>
	<path>C:\Users\Madhukar Temba\Desktop\Output\frames\frame_02912.jpg</path>
	<source>
		<database>Unknown</database>
	</source>
	<size>
		<width>1280</width>
		<height>720</height>
		<depth>3</depth>
	</size>
	<segmented>0</segmented>
	<object>
		<name>red</name>
		<pose>Unspecified</pose>
		<truncated>0</truncated>
		<difficult>0</difficult>
		<bndbox>
			<xmin>527</xmin>
			<ymin>118</ymin>
			<xmax>624</xmax>
			<ymax>166</ymax>
		</bndbox>
	</object>
	<object>
		<name>red</name>
		<pose>Unspecified</pose>
		<truncated>0</truncated>
		<difficult>0</difficult>
		<bndbox>
			<xmin>248</xmin>
			<ymin>200</ymin>
			<xmax>291</xmax>
			<ymax>303</ymax>
		</bndbox>
	</object>
</annotation>