<annotation>
	<folder>frames</folder>
	<filename>frame_04529.jpg</filename>
	<path>C:\Users\Madhukar Temba\Desktop\Output\frames\frame_04529.jpg</path>
	<source>
		<database>Unknown</database>
	</source>
	<size>
		<width>1280</width>
		<height>720</height>
		<depth>3</depth>
	</size>
	<segmented>0</segmented>
	<object>
		<name>yellow</name>
		<pose>Unspecified</pose>
		<truncated>0</truncated>
		<difficult>0</difficult>
		<bndbox>
			<xmin>393</xmin>
			<ymin>83</ymin>
			<xmax>526</xmax>
			<ymax>157</ymax>
		</bndbox>
	</object>
	<object>
		<name>yellow</name>
		<pose>Unspecified</pose>
		<truncated>0</truncated>
		<difficult>0</difficult>
		<bndbox>
			<xmin>716</xmin>
			<ymin>238</ymin>
			<xmax>771</xmax>
			<ymax>356</ymax>
		</bndbox>
	</object>
</annotation>