<annotation>
	<folder>frames</folder>
	<filename>frame_04416.jpg</filename>
	<path>C:\Users\Madhukar Temba\Desktop\Output\frames\frame_04416.jpg</path>
	<source>
		<database>Unknown</database>
	</source>
	<size>
		<width>1280</width>
		<height>720</height>
		<depth>3</depth>
	</size>
	<segmented>0</segmented>
	<object>
		<name>red</name>
		<pose>Unspecified</pose>
		<truncated>0</truncated>
		<difficult>0</difficult>
		<bndbox>
			<xmin>445</xmin>
			<ymin>112</ymin>
			<xmax>544</xmax>
			<ymax>170</ymax>
		</bndbox>
	</object>
	<object>
		<name>red</name>
		<pose>Unspecified</pose>
		<truncated>0</truncated>
		<difficult>0</difficult>
		<bndbox>
			<xmin>726</xmin>
			<ymin>246</ymin>
			<xmax>778</xmax>
			<ymax>359</ymax>
		</bndbox>
	</object>
</annotation>