<annotation>
	<folder>frames</folder>
	<filename>frame_03189.jpg</filename>
	<path>C:\Users\Madhukar Temba\Desktop\Output\frames\frame_03189.jpg</path>
	<source>
		<database>Unknown</database>
	</source>
	<size>
		<width>1280</width>
		<height>720</height>
		<depth>3</depth>
	</size>
	<segmented>0</segmented>
	<object>
		<name>green</name>
		<pose>Unspecified</pose>
		<truncated>0</truncated>
		<difficult>0</difficult>
		<bndbox>
			<xmin>875</xmin>
			<ymin>152</ymin>
			<xmax>941</xmax>
			<ymax>198</ymax>
		</bndbox>
	</object>
	<object>
		<name>green</name>
		<pose>Unspecified</pose>
		<truncated>0</truncated>
		<difficult>0</difficult>
		<bndbox>
			<xmin>1005</xmin>
			<ymin>164</ymin>
			<xmax>1071</xmax>
			<ymax>210</ymax>
		</bndbox>
	</object>
	<object>
		<name>green</name>
		<pose>Unspecified</pose>
		<truncated>0</truncated>
		<difficult>0</difficult>
		<bndbox>
			<xmin>1107</xmin>
			<ymin>166</ymin>
			<xmax>1174</xmax>
			<ymax>204</ymax>
		</bndbox>
	</object>
	<object>
		<name>green</name>
		<pose>Unspecified</pose>
		<truncated>0</truncated>
		<difficult>0</difficult>
		<bndbox>
			<xmin>736</xmin>
			<ymin>257</ymin>
			<xmax>774</xmax>
			<ymax>357</ymax>
		</bndbox>
	</object>
</annotation>