<annotation>
	<folder>frames</folder>
	<filename>frame_01889.jpg</filename>
	<path>C:\Users\Madhukar Temba\Desktop\Output\frames\frame_01889.jpg</path>
	<source>
		<database>Unknown</database>
	</source>
	<size>
		<width>1280</width>
		<height>720</height>
		<depth>3</depth>
	</size>
	<segmented>0</segmented>
	<object>
		<name>red</name>
		<pose>Unspecified</pose>
		<truncated>0</truncated>
		<difficult>0</difficult>
		<bndbox>
			<xmin>828</xmin>
			<ymin>227</ymin>
			<xmax>865</xmax>
			<ymax>310</ymax>
		</bndbox>
	</object>
	<object>
		<name>red</name>
		<pose>Unspecified</pose>
		<truncated>0</truncated>
		<difficult>0</difficult>
		<bndbox>
			<xmin>541</xmin>
			<ymin>100</ymin>
			<xmax>610</xmax>
			<ymax>138</ymax>
		</bndbox>
	</object>
</annotation>