<annotation>
	<folder>frames</folder>
	<filename>frame_00708.jpg</filename>
	<path>C:\Users\Madhukar Temba\Desktop\Output\frames\frame_00708.jpg</path>
	<source>
		<database>Unknown</database>
	</source>
	<size>
		<width>1280</width>
		<height>720</height>
		<depth>3</depth>
	</size>
	<segmented>0</segmented>
	<object>
		<name>red</name>
		<pose>Unspecified</pose>
		<truncated>0</truncated>
		<difficult>0</difficult>
		<bndbox>
			<xmin>1198</xmin>
			<ymin>105</ymin>
			<xmax>1274</xmax>
			<ymax>155</ymax>
		</bndbox>
	</object>
	<object>
		<name>red</name>
		<pose>Unspecified</pose>
		<truncated>0</truncated>
		<difficult>0</difficult>
		<bndbox>
			<xmin>953</xmin>
			<ymin>230</ymin>
			<xmax>991</xmax>
			<ymax>317</ymax>
		</bndbox>
	</object>
</annotation>