<annotation>
	<folder>frames</folder>
	<filename>frame_00707.jpg</filename>
	<path>C:\Users\Madhukar Temba\Desktop\Output\frames\frame_00707.jpg</path>
	<source>
		<database>Unknown</database>
	</source>
	<size>
		<width>1280</width>
		<height>720</height>
		<depth>3</depth>
	</size>
	<segmented>0</segmented>
	<object>
		<name>red</name>
		<pose>Unspecified</pose>
		<truncated>0</truncated>
		<difficult>0</difficult>
		<bndbox>
			<xmin>772</xmin>
			<ymin>235</ymin>
			<xmax>807</xmax>
			<ymax>327</ymax>
		</bndbox>
	</object>
	<object>
		<name>red</name>
		<pose>Unspecified</pose>
		<truncated>0</truncated>
		<difficult>0</difficult>
		<bndbox>
			<xmin>988</xmin>
			<ymin>140</ymin>
			<xmax>1044</xmax>
			<ymax>169</ymax>
		</bndbox>
	</object>
</annotation>