<annotation>
	<folder>frames</folder>
	<filename>frame_01209.jpg</filename>
	<path>C:\Users\Madhukar Temba\Desktop\Output\frames\frame_01209.jpg</path>
	<source>
		<database>Unknown</database>
	</source>
	<size>
		<width>1280</width>
		<height>720</height>
		<depth>3</depth>
	</size>
	<segmented>0</segmented>
	<object>
		<name>yellow</name>
		<pose>Unspecified</pose>
		<truncated>0</truncated>
		<difficult>0</difficult>
		<bndbox>
			<xmin>1080</xmin>
			<ymin>4</ymin>
			<xmax>1206</xmax>
			<ymax>43</ymax>
		</bndbox>
	</object>
</annotation>