<annotation>
	<folder>frames</folder>
	<filename>frame_03316.jpg</filename>
	<path>C:\Users\Madhukar Temba\Desktop\Output\frames\frame_03316.jpg</path>
	<source>
		<database>Unknown</database>
	</source>
	<size>
		<width>1280</width>
		<height>720</height>
		<depth>3</depth>
	</size>
	<segmented>0</segmented>
	<object>
		<name>red</name>
		<pose>Unspecified</pose>
		<truncated>0</truncated>
		<difficult>0</difficult>
		<bndbox>
			<xmin>598</xmin>
			<ymin>236</ymin>
			<xmax>654</xmax>
			<ymax>368</ymax>
		</bndbox>
	</object>
	<object>
		<name>red</name>
		<pose>Unspecified</pose>
		<truncated>1</truncated>
		<difficult>0</difficult>
		<bndbox>
			<xmin>779</xmin>
			<ymin>1</ymin>
			<xmax>895</xmax>
			<ymax>27</ymax>
		</bndbox>
	</object>
</annotation>