<annotation>
	<folder>totalLabelledFrames</folder>
	<filename>frame_01587.jpg</filename>
	<path>C:\Users\Madhukar Temba\Desktop\Output\totalLabelledFrames\frame_01587.jpg</path>
	<source>
		<database>Unknown</database>
	</source>
	<size>
		<width>1280</width>
		<height>720</height>
		<depth>3</depth>
	</size>
	<segmented>0</segmented>
	<object>
		<name>green</name>
		<pose>Unspecified</pose>
		<truncated>0</truncated>
		<difficult>0</difficult>
		<bndbox>
			<xmin>826</xmin>
			<ymin>321</ymin>
			<xmax>844</xmax>
			<ymax>381</ymax>
		</bndbox>
	</object>
	<object>
		<name>off</name>
		<pose>Unspecified</pose>
		<truncated>0</truncated>
		<difficult>0</difficult>
		<bndbox>
			<xmin>963</xmin>
			<ymin>296</ymin>
			<xmax>1014</xmax>
			<ymax>316</ymax>
		</bndbox>
	</object>
</annotation>
