<annotation>
	<folder>frames</folder>
	<filename>frame_01182.jpg</filename>
	<path>C:\Users\Madhukar Temba\Desktop\Output\frames\frame_01182.jpg</path>
	<source>
		<database>Unknown</database>
	</source>
	<size>
		<width>1280</width>
		<height>720</height>
		<depth>3</depth>
	</size>
	<segmented>0</segmented>
	<object>
		<name>red</name>
		<pose>Unspecified</pose>
		<truncated>1</truncated>
		<difficult>0</difficult>
		<bndbox>
			<xmin>1071</xmin>
			<ymin>1</ymin>
			<xmax>1205</xmax>
			<ymax>48</ymax>
		</bndbox>
	</object>
</annotation>