<annotation>
	<folder>totalLabelledFrames</folder>
	<filename>frame_00104.jpg</filename>
	<path>C:\Users\Madhukar Temba\Desktop\Output\totalLabelledFrames\frame_00104.jpg</path>
	<source>
		<database>Unknown</database>
	</source>
	<size>
		<width>1280</width>
		<height>720</height>
		<depth>3</depth>
	</size>
	<segmented>0</segmented>
	<object>
		<name>red</name>
		<pose>Unspecified</pose>
		<truncated>0</truncated>
		<difficult>0</difficult>
		<bndbox>
			<xmin>971</xmin>
			<ymin>298</ymin>
			<xmax>993</xmax>
			<ymax>359</ymax>
		</bndbox>
	</object>
	<object>
		<name>off</name>
		<pose>Unspecified</pose>
		<truncated>0</truncated>
		<difficult>0</difficult>
		<bndbox>
			<xmin>1039</xmin>
			<ymin>189</ymin>
			<xmax>1097</xmax>
			<ymax>206</ymax>
		</bndbox>
	</object>
</annotation>
