<annotation>
	<folder>frames</folder>
	<filename>frame_01631.jpg</filename>
	<path>C:\Users\Madhukar Temba\Desktop\Output\frames\frame_01631.jpg</path>
	<source>
		<database>Unknown</database>
	</source>
	<size>
		<width>1280</width>
		<height>720</height>
		<depth>3</depth>
	</size>
	<segmented>0</segmented>
	<object>
		<name>green</name>
		<pose>Unspecified</pose>
		<truncated>0</truncated>
		<difficult>0</difficult>
		<bndbox>
			<xmin>1031</xmin>
			<ymin>218</ymin>
			<xmax>1076</xmax>
			<ymax>317</ymax>
		</bndbox>
	</object>
	<object>
		<name>green</name>
		<pose>Unspecified</pose>
		<truncated>0</truncated>
		<difficult>0</difficult>
		<bndbox>
			<xmin>697</xmin>
			<ymin>125</ymin>
			<xmax>798</xmax>
			<ymax>169</ymax>
		</bndbox>
	</object>
</annotation>