<annotation>
	<folder>frames</folder>
	<filename>frame_04409.jpg</filename>
	<path>C:\Users\Madhukar Temba\Desktop\Output\frames\frame_04409.jpg</path>
	<source>
		<database>Unknown</database>
	</source>
	<size>
		<width>1280</width>
		<height>720</height>
		<depth>3</depth>
	</size>
	<segmented>0</segmented>
	<object>
		<name>red</name>
		<pose>Unspecified</pose>
		<truncated>0</truncated>
		<difficult>0</difficult>
		<bndbox>
			<xmin>498</xmin>
			<ymin>172</ymin>
			<xmax>585</xmax>
			<ymax>209</ymax>
		</bndbox>
	</object>
	<object>
		<name>red</name>
		<pose>Unspecified</pose>
		<truncated>0</truncated>
		<difficult>0</difficult>
		<bndbox>
			<xmin>728</xmin>
			<ymin>281</ymin>
			<xmax>783</xmax>
			<ymax>377</ymax>
		</bndbox>
	</object>
</annotation>