<annotation>
	<folder>totalLabelledFrames</folder>
	<filename>frame_02167.jpg</filename>
	<path>C:\Users\Madhukar Temba\Desktop\Output\totalLabelledFrames\frame_02167.jpg</path>
	<source>
		<database>Unknown</database>
	</source>
	<size>
		<width>1280</width>
		<height>720</height>
		<depth>3</depth>
	</size>
	<segmented>0</segmented>
	<object>
		<name>red</name>
		<pose>Unspecified</pose>
		<truncated>0</truncated>
		<difficult>0</difficult>
		<bndbox>
			<xmin>454</xmin>
			<ymin>280</ymin>
			<xmax>482</xmax>
			<ymax>349</ymax>
		</bndbox>
	</object>
</annotation>
