<annotation>
	<folder>frames</folder>
	<filename>frame_07032.jpg</filename>
	<path>C:\Users\Madhukar Temba\Desktop\Output\frames\frame_07032.jpg</path>
	<source>
		<database>Unknown</database>
	</source>
	<size>
		<width>1280</width>
		<height>720</height>
		<depth>3</depth>
	</size>
	<segmented>0</segmented>
	<object>
		<name>green</name>
		<pose>Unspecified</pose>
		<truncated>0</truncated>
		<difficult>0</difficult>
		<bndbox>
			<xmin>466</xmin>
			<ymin>36</ymin>
			<xmax>597</xmax>
			<ymax>86</ymax>
		</bndbox>
	</object>
	<object>
		<name>green</name>
		<pose>Unspecified</pose>
		<truncated>0</truncated>
		<difficult>0</difficult>
		<bndbox>
			<xmin>332</xmin>
			<ymin>231</ymin>
			<xmax>368</xmax>
			<ymax>325</ymax>
		</bndbox>
	</object>
</annotation>