<annotation>
	<folder>frames</folder>
	<filename>frame_01773.jpg</filename>
	<path>C:\Users\Madhukar Temba\Desktop\Output\frames\frame_01773.jpg</path>
	<source>
		<database>Unknown</database>
	</source>
	<size>
		<width>1280</width>
		<height>720</height>
		<depth>3</depth>
	</size>
	<segmented>0</segmented>
	<object>
		<name>yellow</name>
		<pose>Unspecified</pose>
		<truncated>0</truncated>
		<difficult>0</difficult>
		<bndbox>
			<xmin>792</xmin>
			<ymin>294</ymin>
			<xmax>826</xmax>
			<ymax>356</ymax>
		</bndbox>
	</object>
	<object>
		<name>yellow</name>
		<pose>Unspecified</pose>
		<truncated>0</truncated>
		<difficult>0</difficult>
		<bndbox>
			<xmin>757</xmin>
			<ymin>337</ymin>
			<xmax>779</xmax>
			<ymax>390</ymax>
		</bndbox>
	</object>
	<object>
		<name>yellow</name>
		<pose>Unspecified</pose>
		<truncated>0</truncated>
		<difficult>0</difficult>
		<bndbox>
			<xmin>667</xmin>
			<ymin>146</ymin>
			<xmax>726</xmax>
			<ymax>177</ymax>
		</bndbox>
	</object>
</annotation>