<annotation>
	<folder>frames</folder>
	<filename>frame_02576.jpg</filename>
	<path>C:\Users\Madhukar Temba\Desktop\Output\frames\frame_02576.jpg</path>
	<source>
		<database>Unknown</database>
	</source>
	<size>
		<width>1280</width>
		<height>720</height>
		<depth>3</depth>
	</size>
	<segmented>0</segmented>
	<object>
		<name>green</name>
		<pose>Unspecified</pose>
		<truncated>1</truncated>
		<difficult>0</difficult>
		<bndbox>
			<xmin>642</xmin>
			<ymin>1</ymin>
			<xmax>745</xmax>
			<ymax>26</ymax>
		</bndbox>
	</object>
	<object>
		<name>green</name>
		<pose>Unspecified</pose>
		<truncated>0</truncated>
		<difficult>0</difficult>
		<bndbox>
			<xmin>810</xmin>
			<ymin>201</ymin>
			<xmax>846</xmax>
			<ymax>304</ymax>
		</bndbox>
	</object>
</annotation>