<annotation>
	<folder>frames</folder>
	<filename>frame_03350.jpg</filename>
	<path>C:\Users\Madhukar Temba\Desktop\Output\frames\frame_03350.jpg</path>
	<source>
		<database>Unknown</database>
	</source>
	<size>
		<width>1280</width>
		<height>720</height>
		<depth>3</depth>
	</size>
	<segmented>0</segmented>
	<object>
		<name>red</name>
		<pose>Unspecified</pose>
		<truncated>0</truncated>
		<difficult>0</difficult>
		<bndbox>
			<xmin>1011</xmin>
			<ymin>138</ymin>
			<xmax>1084</xmax>
			<ymax>169</ymax>
		</bndbox>
	</object>
	<object>
		<name>red</name>
		<pose>Unspecified</pose>
		<truncated>0</truncated>
		<difficult>0</difficult>
		<bndbox>
			<xmin>1127</xmin>
			<ymin>129</ymin>
			<xmax>1201</xmax>
			<ymax>160</ymax>
		</bndbox>
	</object>
</annotation>