<annotation>
	<folder>frames</folder>
	<filename>frame_00009.jpg</filename>
	<path>C:\Users\Madhukar Temba\Desktop\Output\frames\frame_00009.jpg</path>
	<source>
		<database>Unknown</database>
	</source>
	<size>
		<width>1280</width>
		<height>720</height>
		<depth>3</depth>
	</size>
	<segmented>0</segmented>
	<object>
		<name>green</name>
		<pose>Unspecified</pose>
		<truncated>0</truncated>
		<difficult>0</difficult>
		<bndbox>
			<xmin>949</xmin>
			<ymin>142</ymin>
			<xmax>1000</xmax>
			<ymax>327</ymax>
		</bndbox>
	</object>
	<object>
		<name>green</name>
		<pose>Unspecified</pose>
		<truncated>0</truncated>
		<difficult>0</difficult>
		<bndbox>
			<xmin>561</xmin>
			<ymin>155</ymin>
			<xmax>637</xmax>
			<ymax>186</ymax>
		</bndbox>
	</object>
</annotation>