<annotation>
	<folder>frames</folder>
	<filename>frame_01321.jpg</filename>
	<path>C:\Users\Madhukar Temba\Desktop\Output\frames\frame_01321.jpg</path>
	<source>
		<database>Unknown</database>
	</source>
	<size>
		<width>1280</width>
		<height>720</height>
		<depth>3</depth>
	</size>
	<segmented>0</segmented>
	<object>
		<name>yellow</name>
		<pose>Unspecified</pose>
		<truncated>0</truncated>
		<difficult>0</difficult>
		<bndbox>
			<xmin>928</xmin>
			<ymin>165</ymin>
			<xmax>968</xmax>
			<ymax>278</ymax>
		</bndbox>
	</object>
	<object>
		<name>yellow</name>
		<pose>Unspecified</pose>
		<truncated>0</truncated>
		<difficult>0</difficult>
		<bndbox>
			<xmin>529</xmin>
			<ymin>61</ymin>
			<xmax>644</xmax>
			<ymax>95</ymax>
		</bndbox>
	</object>
</annotation>