<annotation>
	<folder>frames</folder>
	<filename>frame_03323.jpg</filename>
	<path>C:\Users\Madhukar Temba\Desktop\Output\frames\frame_03323.jpg</path>
	<source>
		<database>Unknown</database>
	</source>
	<size>
		<width>1280</width>
		<height>720</height>
		<depth>3</depth>
	</size>
	<segmented>0</segmented>
	<object>
		<name>red</name>
		<pose>Unspecified</pose>
		<truncated>0</truncated>
		<difficult>0</difficult>
		<bndbox>
			<xmin>661</xmin>
			<ymin>78</ymin>
			<xmax>735</xmax>
			<ymax>304</ymax>
		</bndbox>
	</object>
</annotation>