<annotation>
	<folder>frames</folder>
	<filename>frame_01815.jpg</filename>
	<path>C:\Users\Madhukar Temba\Desktop\Output\frames\frame_01815.jpg</path>
	<source>
		<database>Unknown</database>
	</source>
	<size>
		<width>1280</width>
		<height>720</height>
		<depth>3</depth>
	</size>
	<segmented>0</segmented>
	<object>
		<name>green</name>
		<pose>Unspecified</pose>
		<truncated>0</truncated>
		<difficult>0</difficult>
		<bndbox>
			<xmin>898</xmin>
			<ymin>226</ymin>
			<xmax>945</xmax>
			<ymax>320</ymax>
		</bndbox>
	</object>
	<object>
		<name>green</name>
		<pose>Unspecified</pose>
		<truncated>0</truncated>
		<difficult>0</difficult>
		<bndbox>
			<xmin>702</xmin>
			<ymin>7</ymin>
			<xmax>792</xmax>
			<ymax>56</ymax>
		</bndbox>
	</object>
	<object>
		<name>green</name>
		<pose>Unspecified</pose>
		<truncated>0</truncated>
		<difficult>0</difficult>
		<bndbox>
			<xmin>816</xmin>
			<ymin>313</ymin>
			<xmax>840</xmax>
			<ymax>381</ymax>
		</bndbox>
	</object>
</annotation>