<annotation>
	<folder>frames</folder>
	<filename>frame_04353.jpg</filename>
	<path>C:\Users\Madhukar Temba\Desktop\Output\frames\frame_04353.jpg</path>
	<source>
		<database>Unknown</database>
	</source>
	<size>
		<width>1280</width>
		<height>720</height>
		<depth>3</depth>
	</size>
	<segmented>0</segmented>
	<object>
		<name>green</name>
		<pose>Unspecified</pose>
		<truncated>0</truncated>
		<difficult>0</difficult>
		<bndbox>
			<xmin>540</xmin>
			<ymin>49</ymin>
			<xmax>680</xmax>
			<ymax>136</ymax>
		</bndbox>
	</object>
	<object>
		<name>green</name>
		<pose>Unspecified</pose>
		<truncated>0</truncated>
		<difficult>0</difficult>
		<bndbox>
			<xmin>888</xmin>
			<ymin>174</ymin>
			<xmax>954</xmax>
			<ymax>326</ymax>
		</bndbox>
	</object>
</annotation>