<annotation>
	<folder>frames</folder>
	<filename>frame_00011.jpg</filename>
	<path>C:\Users\Madhukar Temba\Desktop\Output\frames\frame_00011.jpg</path>
	<source>
		<database>Unknown</database>
	</source>
	<size>
		<width>1280</width>
		<height>720</height>
		<depth>3</depth>
	</size>
	<segmented>0</segmented>
	<object>
		<name>green</name>
		<pose>Unspecified</pose>
		<truncated>0</truncated>
		<difficult>0</difficult>
		<bndbox>
			<xmin>1087</xmin>
			<ymin>16</ymin>
			<xmax>1194</xmax>
			<ymax>261</ymax>
		</bndbox>
	</object>
	<object>
		<name>green</name>
		<pose>Unspecified</pose>
		<truncated>0</truncated>
		<difficult>0</difficult>
		<bndbox>
			<xmin>526</xmin>
			<ymin>104</ymin>
			<xmax>622</xmax>
			<ymax>139</ymax>
		</bndbox>
	</object>
</annotation>