<annotation>
	<folder>frames</folder>
	<filename>frame_02867.jpg</filename>
	<path>C:\Users\Madhukar Temba\Desktop\Output\frames\frame_02867.jpg</path>
	<source>
		<database>Unknown</database>
	</source>
	<size>
		<width>1280</width>
		<height>720</height>
		<depth>3</depth>
	</size>
	<segmented>0</segmented>
	<object>
		<name>green</name>
		<pose>Unspecified</pose>
		<truncated>0</truncated>
		<difficult>0</difficult>
		<bndbox>
			<xmin>546</xmin>
			<ymin>287</ymin>
			<xmax>579</xmax>
			<ymax>381</ymax>
		</bndbox>
	</object>
</annotation>