<annotation>
	<folder>frames</folder>
	<filename>frame_01641.jpg</filename>
	<path>C:\Users\Madhukar Temba\Desktop\Output\frames\frame_01641.jpg</path>
	<source>
		<database>Unknown</database>
	</source>
	<size>
		<width>1280</width>
		<height>720</height>
		<depth>3</depth>
	</size>
	<segmented>0</segmented>
	<object>
		<name>green</name>
		<pose>Unspecified</pose>
		<truncated>0</truncated>
		<difficult>0</difficult>
		<bndbox>
			<xmin>1107</xmin>
			<ymin>236</ymin>
			<xmax>1158</xmax>
			<ymax>326</ymax>
		</bndbox>
	</object>
</annotation>