<annotation>
	<folder>frames</folder>
	<filename>frame_01759.jpg</filename>
	<path>C:\Users\Madhukar Temba\Desktop\Output\frames\frame_01759.jpg</path>
	<source>
		<database>Unknown</database>
	</source>
	<size>
		<width>1280</width>
		<height>720</height>
		<depth>3</depth>
	</size>
	<segmented>0</segmented>
	<object>
		<name>red</name>
		<pose>Unspecified</pose>
		<truncated>0</truncated>
		<difficult>0</difficult>
		<bndbox>
			<xmin>759</xmin>
			<ymin>340</ymin>
			<xmax>779</xmax>
			<ymax>386</ymax>
		</bndbox>
	</object>
	<object>
		<name>red</name>
		<pose>Unspecified</pose>
		<truncated>0</truncated>
		<difficult>0</difficult>
		<bndbox>
			<xmin>794</xmin>
			<ymin>295</ymin>
			<xmax>826</xmax>
			<ymax>352</ymax>
		</bndbox>
	</object>
	<object>
		<name>red</name>
		<pose>Unspecified</pose>
		<truncated>0</truncated>
		<difficult>0</difficult>
		<bndbox>
			<xmin>665</xmin>
			<ymin>144</ymin>
			<xmax>724</xmax>
			<ymax>178</ymax>
		</bndbox>
	</object>
</annotation>