<annotation>
	<folder>frames</folder>
	<filename>frame_00830.jpg</filename>
	<path>C:\Users\Madhukar Temba\Desktop\Output\frames\frame_00830.jpg</path>
	<source>
		<database>Unknown</database>
	</source>
	<size>
		<width>1280</width>
		<height>720</height>
		<depth>3</depth>
	</size>
	<segmented>0</segmented>
	<object>
		<name>green</name>
		<pose>Unspecified</pose>
		<truncated>0</truncated>
		<difficult>0</difficult>
		<bndbox>
			<xmin>703</xmin>
			<ymin>52</ymin>
			<xmax>820</xmax>
			<ymax>98</ymax>
		</bndbox>
	</object>
	<object>
		<name>green</name>
		<pose>Unspecified</pose>
		<truncated>0</truncated>
		<difficult>0</difficult>
		<bndbox>
			<xmin>1119</xmin>
			<ymin>151</ymin>
			<xmax>1165</xmax>
			<ymax>288</ymax>
		</bndbox>
	</object>
</annotation>