<annotation>
	<folder>frames</folder>
	<filename>frame_02909.jpg</filename>
	<path>C:\Users\Madhukar Temba\Desktop\Output\frames\frame_02909.jpg</path>
	<source>
		<database>Unknown</database>
	</source>
	<size>
		<width>1280</width>
		<height>720</height>
		<depth>3</depth>
	</size>
	<segmented>0</segmented>
	<object>
		<name>red</name>
		<pose>Unspecified</pose>
		<truncated>0</truncated>
		<difficult>0</difficult>
		<bndbox>
			<xmin>545</xmin>
			<ymin>140</ymin>
			<xmax>635</xmax>
			<ymax>186</ymax>
		</bndbox>
	</object>
	<object>
		<name>red</name>
		<pose>Unspecified</pose>
		<truncated>0</truncated>
		<difficult>0</difficult>
		<bndbox>
			<xmin>281</xmin>
			<ymin>222</ymin>
			<xmax>320</xmax>
			<ymax>307</ymax>
		</bndbox>
	</object>
</annotation>