<annotation>
	<folder>frames</folder>
	<filename>frame_03472.jpg</filename>
	<path>C:\Users\Madhukar Temba\Desktop\Output\frames\frame_03472.jpg</path>
	<source>
		<database>Unknown</database>
	</source>
	<size>
		<width>1280</width>
		<height>720</height>
		<depth>3</depth>
	</size>
	<segmented>0</segmented>
	<object>
		<name>green</name>
		<pose>Unspecified</pose>
		<truncated>0</truncated>
		<difficult>0</difficult>
		<bndbox>
			<xmin>61</xmin>
			<ymin>38</ymin>
			<xmax>162</xmax>
			<ymax>95</ymax>
		</bndbox>
	</object>
	<object>
		<name>green</name>
		<pose>Unspecified</pose>
		<truncated>0</truncated>
		<difficult>0</difficult>
		<bndbox>
			<xmin>241</xmin>
			<ymin>39</ymin>
			<xmax>344</xmax>
			<ymax>90</ymax>
		</bndbox>
	</object>
	<object>
		<name>green</name>
		<pose>Unspecified</pose>
		<truncated>0</truncated>
		<difficult>0</difficult>
		<bndbox>
			<xmin>391</xmin>
			<ymin>34</ymin>
			<xmax>496</xmax>
			<ymax>81</ymax>
		</bndbox>
	</object>
</annotation>