<annotation>
	<folder>frames</folder>
	<filename>frame_01158.jpg</filename>
	<path>C:\Users\Madhukar Temba\Desktop\Output\frames\frame_01158.jpg</path>
	<source>
		<database>Unknown</database>
	</source>
	<size>
		<width>1280</width>
		<height>720</height>
		<depth>3</depth>
	</size>
	<segmented>0</segmented>
	<object>
		<name>red</name>
		<pose>Unspecified</pose>
		<truncated>0</truncated>
		<difficult>0</difficult>
		<bndbox>
			<xmin>1152</xmin>
			<ymin>268</ymin>
			<xmax>1181</xmax>
			<ymax>343</ymax>
		</bndbox>
	</object>
	<object>
		<name>red</name>
		<pose>Unspecified</pose>
		<truncated>0</truncated>
		<difficult>0</difficult>
		<bndbox>
			<xmin>918</xmin>
			<ymin>209</ymin>
			<xmax>976</xmax>
			<ymax>242</ymax>
		</bndbox>
	</object>
</annotation>