<annotation>
	<folder>frames</folder>
	<filename>frame_04403.jpg</filename>
	<path>C:\Users\Madhukar Temba\Desktop\Output\frames\frame_04403.jpg</path>
	<source>
		<database>Unknown</database>
	</source>
	<size>
		<width>1280</width>
		<height>720</height>
		<depth>3</depth>
	</size>
	<segmented>0</segmented>
	<object>
		<name>red</name>
		<pose>Unspecified</pose>
		<truncated>0</truncated>
		<difficult>0</difficult>
		<bndbox>
			<xmin>739</xmin>
			<ymin>310</ymin>
			<xmax>783</xmax>
			<ymax>394</ymax>
		</bndbox>
	</object>
	<object>
		<name>red</name>
		<pose>Unspecified</pose>
		<truncated>0</truncated>
		<difficult>0</difficult>
		<bndbox>
			<xmin>552</xmin>
			<ymin>218</ymin>
			<xmax>626</xmax>
			<ymax>256</ymax>
		</bndbox>
	</object>
</annotation>