<annotation>
	<folder>frames</folder>
	<filename>frame_02770.jpg</filename>
	<path>C:\Users\Madhukar Temba\Desktop\Output\frames\frame_02770.jpg</path>
	<source>
		<database>Unknown</database>
	</source>
	<size>
		<width>1280</width>
		<height>720</height>
		<depth>3</depth>
	</size>
	<segmented>0</segmented>
	<object>
		<name>red</name>
		<pose>Unspecified</pose>
		<truncated>0</truncated>
		<difficult>0</difficult>
		<bndbox>
			<xmin>610</xmin>
			<ymin>322</ymin>
			<xmax>639</xmax>
			<ymax>391</ymax>
		</bndbox>
	</object>
</annotation>