<annotation>
	<folder>frames</folder>
	<filename>frame_03439.jpg</filename>
	<path>C:\Users\Madhukar Temba\Desktop\Output\frames\frame_03439.jpg</path>
	<source>
		<database>Unknown</database>
	</source>
	<size>
		<width>1280</width>
		<height>720</height>
		<depth>3</depth>
	</size>
	<segmented>0</segmented>
	<object>
		<name>green</name>
		<pose>Unspecified</pose>
		<truncated>0</truncated>
		<difficult>0</difficult>
		<bndbox>
			<xmin>515</xmin>
			<ymin>169</ymin>
			<xmax>594</xmax>
			<ymax>203</ymax>
		</bndbox>
	</object>
	<object>
		<name>green</name>
		<pose>Unspecified</pose>
		<truncated>0</truncated>
		<difficult>0</difficult>
		<bndbox>
			<xmin>423</xmin>
			<ymin>170</ymin>
			<xmax>489</xmax>
			<ymax>203</ymax>
		</bndbox>
	</object>
	<object>
		<name>green</name>
		<pose>Unspecified</pose>
		<truncated>0</truncated>
		<difficult>0</difficult>
		<bndbox>
			<xmin>300</xmin>
			<ymin>168</ymin>
			<xmax>368</xmax>
			<ymax>208</ymax>
		</bndbox>
	</object>
</annotation>