<annotation>
	<folder>frames</folder>
	<filename>frame_00832.jpg</filename>
	<path>C:\Users\Madhukar Temba\Desktop\Output\frames\frame_00832.jpg</path>
	<source>
		<database>Unknown</database>
	</source>
	<size>
		<width>1280</width>
		<height>720</height>
		<depth>3</depth>
	</size>
	<segmented>0</segmented>
	<object>
		<name>green</name>
		<pose>Unspecified</pose>
		<truncated>1</truncated>
		<difficult>0</difficult>
		<bndbox>
			<xmin>707</xmin>
			<ymin>1</ymin>
			<xmax>846</xmax>
			<ymax>42</ymax>
		</bndbox>
	</object>
	<object>
		<name>green</name>
		<pose>Unspecified</pose>
		<truncated>0</truncated>
		<difficult>0</difficult>
		<bndbox>
			<xmin>1205</xmin>
			<ymin>121</ymin>
			<xmax>1257</xmax>
			<ymax>266</ymax>
		</bndbox>
	</object>
</annotation>