<annotation>
	<folder>frames</folder>
	<filename>frame_02091.jpg</filename>
	<path>C:\Users\Madhukar Temba\Desktop\Output\frames\frame_02091.jpg</path>
	<source>
		<database>Unknown</database>
	</source>
	<size>
		<width>1280</width>
		<height>720</height>
		<depth>3</depth>
	</size>
	<segmented>0</segmented>
	<object>
		<name>red</name>
		<pose>Unspecified</pose>
		<truncated>0</truncated>
		<difficult>0</difficult>
		<bndbox>
			<xmin>628</xmin>
			<ymin>208</ymin>
			<xmax>705</xmax>
			<ymax>240</ymax>
		</bndbox>
	</object>
	<object>
		<name>red</name>
		<pose>Unspecified</pose>
		<truncated>0</truncated>
		<difficult>0</difficult>
		<bndbox>
			<xmin>432</xmin>
			<ymin>270</ymin>
			<xmax>462</xmax>
			<ymax>338</ymax>
		</bndbox>
	</object>
</annotation>