<annotation>
	<folder>frames</folder>
	<filename>frame_03473.jpg</filename>
	<path>C:\Users\Madhukar Temba\Desktop\Output\frames\frame_03473.jpg</path>
	<source>
		<database>Unknown</database>
	</source>
	<size>
		<width>1280</width>
		<height>720</height>
		<depth>3</depth>
	</size>
	<segmented>0</segmented>
	<object>
		<name>green</name>
		<pose>Unspecified</pose>
		<truncated>0</truncated>
		<difficult>0</difficult>
		<bndbox>
			<xmin>33</xmin>
			<ymin>25</ymin>
			<xmax>139</xmax>
			<ymax>69</ymax>
		</bndbox>
	</object>
	<object>
		<name>green</name>
		<pose>Unspecified</pose>
		<truncated>0</truncated>
		<difficult>0</difficult>
		<bndbox>
			<xmin>232</xmin>
			<ymin>13</ymin>
			<xmax>331</xmax>
			<ymax>65</ymax>
		</bndbox>
	</object>
	<object>
		<name>green</name>
		<pose>Unspecified</pose>
		<truncated>0</truncated>
		<difficult>0</difficult>
		<bndbox>
			<xmin>393</xmin>
			<ymin>10</ymin>
			<xmax>498</xmax>
			<ymax>61</ymax>
		</bndbox>
	</object>
</annotation>