<annotation>
	<folder>frames</folder>
	<filename>frame_01317.jpg</filename>
	<path>C:\Users\Madhukar Temba\Desktop\Output\frames\frame_01317.jpg</path>
	<source>
		<database>Unknown</database>
	</source>
	<size>
		<width>1280</width>
		<height>720</height>
		<depth>3</depth>
	</size>
	<segmented>0</segmented>
	<object>
		<name>yellow</name>
		<pose>Unspecified</pose>
		<truncated>0</truncated>
		<difficult>0</difficult>
		<bndbox>
			<xmin>576</xmin>
			<ymin>160</ymin>
			<xmax>659</xmax>
			<ymax>192</ymax>
		</bndbox>
	</object>
	<object>
		<name>yellow</name>
		<pose>Unspecified</pose>
		<truncated>0</truncated>
		<difficult>0</difficult>
		<bndbox>
			<xmin>850</xmin>
			<ymin>227</ymin>
			<xmax>881</xmax>
			<ymax>312</ymax>
		</bndbox>
	</object>
</annotation>