<annotation>
	<folder>totalLabelledFrames</folder>
	<filename>frame_01832.jpg</filename>
	<path>C:\Users\Madhukar Temba\Desktop\Output\totalLabelledFrames\frame_01832.jpg</path>
	<source>
		<database>Unknown</database>
	</source>
	<size>
		<width>1280</width>
		<height>720</height>
		<depth>3</depth>
	</size>
	<segmented>0</segmented>
	<object>
		<name>green</name>
		<pose>Unspecified</pose>
		<truncated>0</truncated>
		<difficult>0</difficult>
		<bndbox>
			<xmin>1000</xmin>
			<ymin>208</ymin>
			<xmax>1049</xmax>
			<ymax>325</ymax>
		</bndbox>
	</object>
	<object>
		<name>off</name>
		<pose>Unspecified</pose>
		<truncated>1</truncated>
		<difficult>0</difficult>
		<bndbox>
			<xmin>1131</xmin>
			<ymin>1</ymin>
			<xmax>1247</xmax>
			<ymax>33</ymax>
		</bndbox>
	</object>
</annotation>
