<annotation>
	<folder>newFrames</folder>
	<filename>xframe_03530.jpg</filename>
	<path>C:\Users\Madhukar Temba\Desktop\Output\newFrames\xframe_03530.jpg</path>
	<source>
		<database>Unknown</database>
	</source>
	<size>
		<width>1280</width>
		<height>720</height>
		<depth>3</depth>
	</size>
	<segmented>0</segmented>
	<object>
		<name>green</name>
		<pose>Unspecified</pose>
		<truncated>0</truncated>
		<difficult>0</difficult>
		<bndbox>
			<xmin>629</xmin>
			<ymin>100</ymin>
			<xmax>744</xmax>
			<ymax>153</ymax>
		</bndbox>
	</object>
	<object>
		<name>green</name>
		<pose>Unspecified</pose>
		<truncated>0</truncated>
		<difficult>0</difficult>
		<bndbox>
			<xmin>320</xmin>
			<ymin>188</ymin>
			<xmax>359</xmax>
			<ymax>303</ymax>
		</bndbox>
	</object>
</annotation>