<annotation>
	<folder>newFrames</folder>
	<filename>xframe_03360.jpg</filename>
	<path>C:\Users\Madhukar Temba\Desktop\Output\newFrames\xframe_03360.jpg</path>
	<source>
		<database>Unknown</database>
	</source>
	<size>
		<width>1280</width>
		<height>720</height>
		<depth>3</depth>
	</size>
	<segmented>0</segmented>
	<object>
		<name>red</name>
		<pose>Unspecified</pose>
		<truncated>0</truncated>
		<difficult>0</difficult>
		<bndbox>
			<xmin>628</xmin>
			<ymin>95</ymin>
			<xmax>752</xmax>
			<ymax>156</ymax>
		</bndbox>
	</object>
	<object>
		<name>red</name>
		<pose>Unspecified</pose>
		<truncated>0</truncated>
		<difficult>0</difficult>
		<bndbox>
			<xmin>323</xmin>
			<ymin>192</ymin>
			<xmax>362</xmax>
			<ymax>298</ymax>
		</bndbox>
	</object>
</annotation>