<annotation>
	<folder>newFrames</folder>
	<filename>xframe_03347.jpg</filename>
	<path>C:\Users\Madhukar Temba\Desktop\Output\newFrames\xframe_03347.jpg</path>
	<source>
		<database>Unknown</database>
	</source>
	<size>
		<width>1280</width>
		<height>720</height>
		<depth>3</depth>
	</size>
	<segmented>0</segmented>
	<object>
		<name>red</name>
		<pose>Unspecified</pose>
		<truncated>0</truncated>
		<difficult>0</difficult>
		<bndbox>
			<xmin>422</xmin>
			<ymin>226</ymin>
			<xmax>461</xmax>
			<ymax>316</ymax>
		</bndbox>
	</object>
	<object>
		<name>red</name>
		<pose>Unspecified</pose>
		<truncated>0</truncated>
		<difficult>0</difficult>
		<bndbox>
			<xmin>661</xmin>
			<ymin>150</ymin>
			<xmax>767</xmax>
			<ymax>195</ymax>
		</bndbox>
	</object>
</annotation>