<annotation>
	<folder>newFrames</folder>
	<filename>xframe_01237.jpg</filename>
	<path>C:\Users\Madhukar Temba\Desktop\Output\newFrames\xframe_01237.jpg</path>
	<source>
		<database>Unknown</database>
	</source>
	<size>
		<width>1280</width>
		<height>720</height>
		<depth>3</depth>
	</size>
	<segmented>0</segmented>
	<object>
		<name>red</name>
		<pose>Unspecified</pose>
		<truncated>0</truncated>
		<difficult>0</difficult>
		<bndbox>
			<xmin>678</xmin>
			<ymin>329</ymin>
			<xmax>693</xmax>
			<ymax>364</ymax>
		</bndbox>
	</object>
	<object>
		<name>red</name>
		<pose>Unspecified</pose>
		<truncated>0</truncated>
		<difficult>0</difficult>
		<bndbox>
			<xmin>585</xmin>
			<ymin>219</ymin>
			<xmax>625</xmax>
			<ymax>237</ymax>
		</bndbox>
	</object>
</annotation>