<annotation>
	<folder>totalLabelledFrames</folder>
	<filename>xframe_01217.jpg</filename>
	<path>C:\Users\Madhukar Temba\Desktop\Output\totalLabelledFrames\xframe_01217.jpg</path>
	<source>
		<database>Unknown</database>
	</source>
	<size>
		<width>1280</width>
		<height>720</height>
		<depth>3</depth>
	</size>
	<segmented>0</segmented>
	<object>
		<name>red</name>
		<pose>Unspecified</pose>
		<truncated>0</truncated>
		<difficult>0</difficult>
		<bndbox>
			<xmin>387</xmin>
			<ymin>259</ymin>
			<xmax>410</xmax>
			<ymax>315</ymax>
		</bndbox>
	</object>
	<object>
		<name>off</name>
		<pose>Unspecified</pose>
		<truncated>0</truncated>
		<difficult>0</difficult>
		<bndbox>
			<xmin>611</xmin>
			<ymin>182</ymin>
			<xmax>684</xmax>
			<ymax>210</ymax>
		</bndbox>
	</object>
</annotation>
