<annotation>
	<folder>newFrames</folder>
	<filename>xframe_03345.jpg</filename>
	<path>C:\Users\Madhukar Temba\Desktop\Output\newFrames\xframe_03345.jpg</path>
	<source>
		<database>Unknown</database>
	</source>
	<size>
		<width>1280</width>
		<height>720</height>
		<depth>3</depth>
	</size>
	<segmented>0</segmented>
	<object>
		<name>red</name>
		<pose>Unspecified</pose>
		<truncated>0</truncated>
		<difficult>0</difficult>
		<bndbox>
			<xmin>674</xmin>
			<ymin>179</ymin>
			<xmax>803</xmax>
			<ymax>229</ymax>
		</bndbox>
	</object>
	<object>
		<name>red</name>
		<pose>Unspecified</pose>
		<truncated>0</truncated>
		<difficult>0</difficult>
		<bndbox>
			<xmin>452</xmin>
			<ymin>252</ymin>
			<xmax>485</xmax>
			<ymax>336</ymax>
		</bndbox>
	</object>
</annotation>